Question,Option_A,Option_B,Option_C,Option_D,Correct_Answer,Explanation
What is the law of demand?,"As the price of a good increases, the quantity demanded also increases.","As the price of a good increases, the quantity demanded decreases.",The quantity demanded is independent of the price of a good.,The price of a good has no effect on the quantity demanded.,"B) As the price of a good increases, the quantity demanded decreases.","The law of demand states that as the price of a good increases, the quantity demanded of that good decreases, ceteris paribus (all other things being equal)."
What is the concept of opportunity cost?,The cost of producing a good or service.,The benefit of producing a good or service.,The cost of not producing a good or service.,The benefit of not producing a good or service.,C) The cost of not producing a good or service.,Opportunity cost is the value of the next best alternative that is given up when a choice is made. It is the cost of not producing a good or service.
What is the difference between a normal good and an inferior good?,"A normal good is a good that is consumed more when income increases, while an inferior good is a good that is consumed less when income increases.","A normal good is a good that is consumed less when income increases, while an inferior good is a good that is consumed more when income increases.","A normal good is a good that is consumed equally when income increases, while an inferior good is a good that is consumed unequally when income increases.","A normal good is a good that is consumed unequally when income increases, while an inferior good is a good that is consumed equally when income increases.","A) A normal good is a good that is consumed more when income increases, while an inferior good is a good that is consumed less when income increases.","Normal goods are goods that are consumed more when income increases, while inferior goods are goods that are consumed less when income increases."
What is the concept of marginal analysis?,The study of the total cost of producing a good or service.,The study of the marginal cost of producing a good or service.,The study of the total benefit of producing a good or service.,The study of the marginal benefit of producing a good or service.,B) The study of the marginal cost of producing a good or service.,Marginal analysis is the study of the additional cost or benefit of producing one more unit of a good or service.
What is the concept of marginal utility?,The total utility of consuming a good or service.,The marginal utility of consuming a good or service.,The average utility of consuming a good or service.,The utility of not consuming a good or service.,B) The marginal utility of consuming a good or service.,Marginal utility is the additional utility or satisfaction gained from consuming one more unit of a good or service.
What is the concept of scarcity in economics?,The abundance of resources in an economy.,The limited availability of resources in an economy.,The unlimited availability of resources in an economy.,The absence of resources in an economy.,B) The limited availability of resources in an economy.,"Scarcity is the fundamental problem of economics, which means that the needs and wants of individuals are unlimited, but the resources available to satisfy those needs and wants are limited."
What is the concept of producer surplus?,The difference between the market price and the minimum price that a producer is willing to accept.,The difference between the market price and the maximum price that a producer is willing to pay.,The difference between the market price and the average price that a producer is willing to accept.,The difference between the market price and the minimum price that a producer is willing to pay.,A) The difference between the market price and the minimum price that a producer is willing to accept.,"Producer surplus is the difference between the market price and the minimum price that a producer is willing to accept, which represents the profit earned by the producer."
What is the concept of consumer surplus?,The difference between the market price and the maximum price that a consumer is willing to pay.,The difference between the market price and the minimum price that a consumer is willing to accept.,The difference between the market price and the average price that a consumer is willing to pay.,The difference between the market price and the minimum price that a consumer is willing to pay.,A) The difference between the market price and the maximum price that a consumer is willing to pay.,"Consumer surplus is the difference between the market price and the maximum price that a consumer is willing to pay, which represents the benefit or satisfaction gained by the consumer."
What is the concept of elasticity of demand?,The responsiveness of the quantity demanded of a good to changes in its price.,The responsiveness of the quantity supplied of a good to changes in its price.,The responsiveness of the quantity demanded of a good to changes in its income.,The responsiveness of the quantity supplied of a good to changes in its income.,A) The responsiveness of the quantity demanded of a good to changes in its price.,"Elasticity of demand is a measure of how responsive the quantity demanded of a good is to changes in its price, income, or other factors."
What is the concept of elasticity of supply?,The responsiveness of the quantity supplied of a good to changes in its price.,The responsiveness of the quantity demanded of a good to changes in its price.,The responsiveness of the quantity supplied of a good to changes in its income.,The responsiveness of the quantity demanded of a good to changes in its income.,A) The responsiveness of the quantity supplied of a good to changes in its price.,"Elasticity of supply is a measure of how responsive the quantity supplied of a good is to changes in its price, income, or other factors."
What is the concept of Gross Domestic Product (GDP)?,The total value of all goods and services produced within a country.,The total value of all goods and services consumed within a country.,The total value of all goods and services imported into a country.,The total value of all goods and services exported from a country.,A) The total value of all goods and services produced within a country.,"GDP is the total value of all goods and services produced within a country, including both tangible and intangible goods and services."
What is the concept of inflation?,A decrease in the general price level of goods and services.,An increase in the general price level of goods and services.,"A decrease in the general price level of goods and services, but only for certain goods.","An increase in the general price level of goods and services, but only for certain goods.",B) An increase in the general price level of goods and services.,Inflation is a sustained increase in the general price level of goods and services in an economy over a period of time.
What is the concept of unemployment?,The number of people employed in an economy.,The number of people unemployed in an economy.,The number of people underemployed in an economy.,The number of people overemployed in an economy.,B) The number of people unemployed in an economy.,"Unemployment is the number of people who are able and willing to work, but are unable to find employment."
What is the concept of economic growth?,An increase in the general price level of goods and services.,An increase in the production of goods and services.,A decrease in the production of goods and services.,A decrease in the general price level of goods and services.,B) An increase in the production of goods and services.,Economic growth is an increase in the production of goods and services in an economy over a period of time.
What is the concept of absolute advantage?,The ability of a country to produce a good at a lower opportunity cost than another country.,The ability of a country to produce a good at a higher opportunity cost than another country.,The ability of a country to produce a good at the same opportunity cost as another country.,The ability of a country to produce a good at a higher price than another country.,A) The ability of a country to produce a good at a lower opportunity cost than another country.,Absolute advantage is the ability of a country to produce a good at a lower opportunity cost than another country.
What is the concept of comparative advantage?,The ability of a country to produce a good at a lower opportunity cost than another country.,The ability of a country to produce a good at a higher opportunity cost than another country.,The ability of a country to produce a good at the same opportunity cost as another country.,The ability of a country to produce a good at a higher price than another country.,A) The ability of a country to produce a good at a lower opportunity cost than another country.,"Comparative advantage is the ability of a country to produce a good at a lower opportunity cost than another country, even if it is not the absolute best producer of that good."
What is the concept of Gross Domestic Product (GDP)?,The total value of all goods and services produced within a country.,The total value of all goods and services consumed within a country.,The total value of all goods and services imported into a country.,The total value of all goods and services exported from a country.,A) The total value of all goods and services produced within a country.,"GDP is the total value of all goods and services produced within a country, including both tangible and intangible goods and services."
What is the concept of inflation?,A decrease in the general price level of goods and services.,An increase in the general price level of goods and services.,"A decrease in the general price level of goods and services, but only for certain goods.","An increase in the general price level of goods and services, but only for certain goods.",B) An increase in the general price level of goods and services.,Inflation is a sustained increase in the general price level of goods and services in an economy over a period of time.
What is the concept of unemployment?,The number of people employed in an economy.,The number of people unemployed in an economy.,The number of people underemployed in an economy.,The number of people overemployed in an economy.,B) The number of people unemployed in an economy.,"Unemployment is the number of people who are able and willing to work, but are unable to find employment."
What is the concept of economic growth?,An increase in the general price level of goods and services.,An increase in the production of goods and services.,A decrease in the production of goods and services.,A decrease in the general price level of goods and services.,B) An increase in the production of goods and services.,Economic growth is an increase in the production of goods and services in an economy over a period of time.
What is the concept of absolute advantage?,The ability of a country to produce a good at a lower opportunity cost than another country.,The ability of a country to produce a good at a higher opportunity cost than another country.,The ability of a country to produce a good at the same opportunity cost as another country.,The ability of a country to produce a good at a higher price than another country.,A) The ability of a country to produce a good at a lower opportunity cost than another country.,Absolute advantage is the ability of a country to produce a good at a lower opportunity cost than another country.
What is the concept of comparative advantage?,The ability of a country to produce a good at a lower opportunity cost than another country.,The ability of a country to produce a good at a higher opportunity cost than another country.,The ability of a country to produce a good at the same opportunity cost as another country.,The ability of a country to produce a good at a higher price than another country.,A) The ability of a country to produce a good at a lower opportunity cost than another country.,"Comparative advantage is the ability of a country to produce a good at a lower opportunity cost than another country, even if it is not the absolute best producer of that good."
What is the concept of trade creation?,The process of creating new trade opportunities between countries.,The process of eliminating existing trade barriers between countries.,The process of increasing the volume of trade between countries.,The process of decreasing the volume of trade between countries.,B) The process of eliminating existing trade barriers between countries.,"Trade creation is the process of eliminating existing trade barriers between countries, which can lead to an increase in trade and economic efficiency."
What is the concept of trade diversion?,The process of creating new trade opportunities between countries.,The process of eliminating existing trade barriers between countries.,The process of increasing the volume of trade between countries.,The process of decreasing the volume of trade between countries.,A) The process of creating new trade opportunities between countries.,"Trade diversion is the process of creating new trade opportunities between countries, which can lead to a decrease in trade and economic efficiency."
What is the concept of tariffs?,A tax imposed by a government on imported goods.,A tax imposed by a government on exported goods.,A tax imposed by a government on domestic goods.,A tax imposed by a government on services.,A) A tax imposed by a government on imported goods.,"Tariffs are taxes imposed by a government on imported goods, which can increase the cost of imports and protect domestic industries."
What is the concept of quotas?,A limit on the quantity of goods that can be imported into a country.,A limit on the quantity of goods that can be exported from a country.,A limit on the quantity of goods that can be produced within a country.,A limit on the quantity of services that can be provided within a country.,A) A limit on the quantity of goods that can be imported into a country.,"Quotas are limits on the quantity of goods that can be imported into a country, which can restrict trade and protect domestic industries."
What is the law of demand?,"As the price of a good increases, the quantity demanded also increases.","As the price of a good increases, the quantity demanded decreases.",The price of a good has no effect on the quantity demanded.,The quantity demanded of a good is always constant.,,"The law of demand states that as the price of a good increases, the quantity demanded of that good decreases, ceteris paribus."
What is the opportunity cost of a choice?,The monetary cost of a choice.,The benefit of a choice.,The cost of a choice in terms of the next best alternative.,The cost of a choice in terms of the next worst alternative.,,Opportunity cost is the value of the next best alternative that is given up when a choice is made.
What is the difference between a want and a need?,"A want is a necessity, while a need is a luxury.","A want is a luxury, while a need is a necessity.","A want is a choice, while a need is a requirement.","A want is a requirement, while a need is a choice.",,"Wants are things that people desire but do not necessarily need, while needs are things that people require to survive."
What is the concept of scarcity?,The idea that people have unlimited wants and needs.,The idea that people have limited wants and needs.,The idea that people have unlimited resources.,The idea that people have limited resources.,,"Scarcity is the fundamental economic problem that arises because people have unlimited wants and needs, but limited resources."
What is the difference between a producer and a consumer?,"A producer is someone who buys goods and services, while a consumer is someone who sells goods and services.","A producer is someone who sells goods and services, while a consumer is someone who buys goods and services.","A producer is someone who makes goods and services, while a consumer is someone who uses goods and services.","A producer is someone who uses goods and services, while a consumer is someone who makes goods and services.",,"Producers are individuals or businesses that create goods and services, while consumers are individuals or businesses that use goods and services."
What is the concept of supply?,The amount of a good or service that producers are willing to sell at a given price.,The amount of a good or service that consumers are willing to buy at a given price.,The price at which a good or service is sold.,The quantity of a good or service that is produced.,,"Supply is the amount of a good or service that producers are willing to sell at a given price, ceteris paribus."
What is the law of supply?,"As the price of a good increases, the quantity supplied also increases.","As the price of a good increases, the quantity supplied decreases.",The price of a good has no effect on the quantity supplied.,The quantity supplied of a good is always constant.,,"The law of supply states that as the price of a good increases, the quantity supplied of that good also increases, ceteris paribus."
What is the concept of market equilibrium?,The point at which the demand and supply curves intersect.,The point at which the demand curve is above the supply curve.,The point at which the demand curve is below the supply curve.,The point at which the demand and supply curves are parallel.,,"Market equilibrium occurs when the quantity demanded of a good or service equals the quantity supplied, at a given price."
What is the concept of consumer surplus?,The difference between the market price and the maximum amount that consumers are willing to pay for a good or service.,The difference between the market price and the minimum amount that consumers are willing to pay for a good or service.,The total amount that consumers pay for a good or service.,The total amount that producers receive for a good or service.,,Consumer surplus is the difference between the market price and the maximum amount that consumers are willing to pay for a good or service.
What is the concept of producer surplus?,The difference between the market price and the minimum amount that producers are willing to accept for a good or service.,The difference between the market price and the maximum amount that producers are willing to accept for a good or service.,The total amount that consumers pay for a good or service.,The total amount that producers receive for a good or service.,,Producer surplus is the difference between the market price and the minimum amount that producers are willing to accept for a good or service.
What is the concept of gross domestic product (GDP)?,The total value of all goods and services produced within a country's borders.,The total value of all goods and services consumed within a country's borders.,The total value of all goods and services imported into a country.,The total value of all goods and services exported from a country.,,"GDP is the total value of all goods and services produced within a country's borders, including goods and services produced by both domestic and foreign-owned businesses."
What is the concept of inflation?,A decrease in the general price level of goods and services.,An increase in the general price level of goods and services.,A decrease in the value of money.,An increase in the value of money.,,Inflation is a sustained increase in the general price level of goods and services in an economy over a period of time.
What is the concept of unemployment?,The number of people who are employed.,The number of people who are unemployed.,The number of people who are underemployed.,The number of people who are overemployed.,,Unemployment is the number of people who are actively seeking employment but are unable to find work.
What is the concept of fiscal policy?,The use of monetary policy to control the economy.,The use of fiscal policy to control the economy.,The use of both monetary and fiscal policy to control the economy.,The use of neither monetary nor fiscal policy to control the economy.,,Fiscal policy is the use of government spending and taxation to control the economy.
What is the concept of aggregate demand?,The total amount of goods and services that all consumers are willing and able to buy at a given price level.,The total amount of goods and services that all producers are willing and able to produce at a given price level.,"The total amount of goods and services that all consumers are willing to buy at a given price level, but are unable to afford.","The total amount of goods and services that all producers are willing to produce at a given price level, but are unable to sell.",,Aggregate demand is the total amount of goods and services that all consumers are willing and able to buy at a given price level.
What is the concept of aggregate supply?,The total amount of goods and services that all producers are willing and able to produce at a given price level.,The total amount of goods and services that all consumers are willing and able to buy at a given price level.,"The total amount of goods and services that all producers are willing to produce at a given price level, but are unable to sell.","The total amount of goods and services that all consumers are willing to buy at a given price level, but are unable to afford.",,Aggregate supply is the total amount of goods and services that all producers are willing and able to produce at a given price level.
What is the concept of the multiplier effect?,The increase in aggregate demand that occurs when government increases its spending.,The decrease in aggregate demand that occurs when government decreases its spending.,The increase in aggregate supply that occurs when government increases its spending.,The decrease in aggregate supply that occurs when government decreases its spending.,,"The multiplier effect is the increase in aggregate demand that occurs when government increases its spending, as the initial injection of spending leads to a series of subsequent rounds of spending."
What is the concept of the accelerator principle?,The idea that an increase in aggregate demand will lead to an increase in aggregate supply.,The idea that an increase in aggregate demand will lead to a decrease in aggregate supply.,The idea that an increase in aggregate demand will lead to a decrease in aggregate demand.,The idea that an increase in aggregate demand will lead to an increase in aggregate demand.,,"The accelerator principle is the idea that an increase in aggregate demand will lead to an increase in aggregate supply, as businesses respond to increased demand by increasing production."
What is the concept of the business cycle?,The fluctuations in the economy that occur over a period of time.,The steady growth of the economy over a period of time.,The sudden and dramatic changes in the economy that occur over a short period of time.,The complete lack of change in the economy over a period of time.,,"The business cycle is the fluctuations in the economy that occur over a period of time, including periods of expansion and contraction."
What is the concept of stagflation?,A period of slow economic growth and high unemployment.,A period of rapid economic growth and low unemployment.,A period of slow economic growth and low unemployment.,A period of rapid economic growth and high unemployment.,,"Stagflation is a period of slow economic growth and high unemployment, often accompanied by high inflation."
What is the concept of absolute advantage?,The ability of a country to produce a good or service at a lower opportunity cost than another country.,The ability of a country to produce a good or service at a higher opportunity cost than another country.,The ability of a country to produce a good or service at the same opportunity cost as another country.,The ability of a country to produce a good or service at a higher price than another country.,,Absolute advantage is the ability of a country to produce a good or service at a lower opportunity cost than another country.
What is the concept of comparative advantage?,The ability of a country to produce a good or service at a lower opportunity cost than another country.,The ability of a country to produce a good or service at a higher opportunity cost than another country.,The ability of a country to produce a good or service at the same opportunity cost as another country.,The ability of a country to produce a good or service at a higher price than another country.,,"Comparative advantage is the ability of a country to produce a good or service at a lower opportunity cost than another country, even if it is not the absolute best producer."
What is the concept of trade barrier?,A tax or duty imposed on imported goods.,A subsidy or incentive provided to domestic producers.,A restriction on the quantity of goods that can be imported.,A restriction on the price of goods that can be imported.,,A trade barrier is a tax or duty imposed on imported goods to protect domestic industries.
What is the concept of exchange rate?,The price of one country's currency in terms of another country's currency.,The price of one good or service in terms of another good or service.,The price of one country's goods and services in terms of another country's goods and services.,The price of one country's currency in terms of its own goods and services.,,An exchange rate is the price of one country's currency in terms of another country's currency.
What is the concept of foreign exchange market?,A market where currencies are traded.,A market where goods and services are traded.,A market where financial instruments are traded.,A market where commodities are traded.,,The foreign exchange market is a market where currencies are traded.
What is the concept of balance of payments?,A record of a country's international transactions.,A record of a country's domestic transactions.,A record of a country's government transactions.,A record of a country's business transactions.,,"The balance of payments is a record of a country's international transactions, including exports and imports of goods and services, as well as financial transactions."
What is the concept of current account?,A record of a country's international transactions in goods and services.,A record of a country's international transactions in financial assets and liabilities.,A record of a country's international transactions in both goods and services and financial assets and liabilities.,A record of a country's international transactions in neither goods nor services.,,"The current account is a record of a country's international transactions in goods and services, including exports and imports."
What is the concept of capital account?,A record of a country's international transactions in financial assets and liabilities.,A record of a country's international transactions in goods and services.,A record of a country's international transactions in both goods and services and financial assets and liabilities.,A record of a country's international transactions in neither goods nor services.,,"The capital account is a record of a country's international transactions in financial assets and liabilities, including foreign investment and borrowing."
What is the concept of exchange rate regime?,A system of exchange rates that is determined by the market.,A system of exchange rates that is determined by the government.,A system of exchange rates that is determined by a combination of market and government forces.,A system of exchange rates that is determined by a single entity.,,"An exchange rate regime is a system of exchange rates that is determined by a combination of market and government forces, such as a floating exchange rate or a fixed exchange rate."
What is the concept of international monetary system?,A system of exchange rates that is determined by the market.,A system of exchange rates that is determined by the government.,A system of exchange rates that is determined by a combination of market and government forces.,A system of exchange rates that is determined by a single entity.,,"An international monetary system is a system of exchange rates that is determined by a combination of market and government forces, such as the Bretton Woods system or the current floating exchange rate system."
What is the concept of economic development?,The process of increasing the standard of living of a country's population.,The process of increasing the level of economic activity in a country.,The process of increasing the level of economic inequality in a country.,The process of decreasing the level of economic activity in a country.,,"Economic development is the process of increasing the standard of living of a country's population, typically through the creation of jobs, improvement of infrastructure, and increase in productivity."
What is the concept of underdevelopment?,The state of being underdeveloped.,The process of becoming developed.,The state of being developed.,The process of becoming underdeveloped.,,"Underdevelopment is the state of being underdeveloped, characterized by low levels of economic activity, poverty, and limited access to resources."
What is the concept of dependency theory?,The idea that developed countries exploit underdeveloped countries.,The idea that underdeveloped countries are responsible for their own underdevelopment.,The idea that economic development is a natural process.,The idea that economic development is a result of government intervention.,,"Dependency theory is the idea that developed countries exploit underdeveloped countries, maintaining their own economic dominance and preventing the underdeveloped countries from developing."
What is the concept of structural adjustment programs?,Programs designed to improve the economic structure of a country.,Programs designed to adjust the economic structure of a country to international market conditions.,Programs designed to improve the economic performance of a country.,Programs designed to adjust the economic performance of a country to international market conditions.,,"Structural adjustment programs are programs designed to adjust the economic structure of a country to international market conditions, typically involving the implementation of neoliberal policies such as privatization and trade liberalization."
What is the concept of globalization?,The process of increasing economic interdependence among countries.,The process of decreasing economic interdependence among countries.,The process of increasing economic inequality among countries.,The process of decreasing economic inequality among countries.,,"Globalization is the process of increasing economic interdependence among countries, characterized by the increased flow of goods, services, and ideas across borders."
What is the concept of economic development?,Increasing standard of living.,Increasing economic activity.,Increasing economic inequality.,Decreasing economic activity.,,Economic development increases standard of living.
What is the concept of underdevelopment?,State of being underdeveloped.,Process of becoming developed.,State of being developed.,Process of becoming underdeveloped.,,Underdevelopment is a state of being underdeveloped.
What is the concept of dependency theory?,Developed countries exploit underdeveloped countries.,Underdeveloped countries are responsible for their own underdevelopment.,Economic development is a natural process.,Economic development is a result of government intervention.,,Dependency theory says developed countries exploit underdeveloped countries.
What is the concept of structural adjustment programs?,Improve economic structure.,Adjust economic structure to international market conditions.,Improve economic performance.,Adjust economic performance to international market conditions.,,Structural adjustment programs adjust economic structure to international market conditions.
What is the concept of globalization?,Increasing economic interdependence among countries.,Decreasing economic interdependence among countries.,Increasing economic inequality among countries.,Decreasing economic inequality among countries.,,Globalization increases economic interdependence among countries.
What is the concept of poverty?,Lack of access to basic needs.,Lack of access to luxury goods.,Lack of access to education.,Lack of access to healthcare.,,Poverty is lack of access to basic needs.
What is the concept of inequality?,Unequal distribution of wealth.,Unequal distribution of income.,Unequal distribution of opportunities.,Unequal distribution of resources.,,Inequality is unequal distribution of wealth.
What is the concept of economic growth?,Increase in standard of living.,Increase in economic activity.,Increase in economic inequality.,Decrease in economic activity.,,Economic growth increases standard of living.
What is the concept of sustainable development?,Development that meets present needs without compromising future generations.,Development that meets present needs without compromising current generations.,Development that meets future needs without compromising present generations.,Development that meets current needs without compromising future generations.,,Sustainable development meets present needs without compromising future generations.
What is the concept of human development?,Development of human capital.,Development of natural resources.,Development of infrastructure.,Development of institutions.,,Human development is development of human capital.
What is the concept of institutional development?,Development of institutions.,Development of infrastructure.,Development of human capital.,Development of natural resources.,,Institutional development is development of institutions.
What is the concept of governance?,System of decision-making.,System of resource allocation.,System of accountability.,System of transparency.,,Governance is a system of decision-making.
What is the concept of corruption?,Abuse of power for personal gain.,Abuse of power for political gain.,Abuse of power for economic gain.,Abuse of power for social gain.,,Corruption is abuse of power for personal gain.
What is the concept of good governance?,Effective and efficient governance.,Fair and transparent governance.,Accountable and responsive governance.,All of the above.,,"Good governance is effective, efficient, fair, transparent, accountable, and responsive."
What is the concept of economic empowerment?,Empowerment of individuals.,Empowerment of communities.,Empowerment of businesses.,Empowerment of governments.,,Economic empowerment is empowerment of individuals.
What is the concept of international trade?,The exchange of goods and services between countries.,The exchange of ideas and culture between countries.,The exchange of money and finance between countries.,The exchange of people and migration between countries.,,International trade is the exchange of goods and services between countries.
What is the concept of free trade?,The removal of tariffs and other trade barriers.,The imposition of tariffs and other trade barriers.,The regulation of trade by governments.,The privatization of trade.,,Free trade is the removal of tariffs and other trade barriers.
What is the concept of protectionism?,The protection of domestic industries from foreign competition.,The promotion of international trade and cooperation.,The regulation of trade by governments.,The privatization of trade.,,Protectionism is the protection of domestic industries from foreign competition.
What is the concept of trade deficit?,The difference between a country's exports and imports.,The difference between a country's imports and exports.,The difference between a country's GDP and its trade balance.,The difference between a country's trade balance and its GDP.,,A trade deficit is the difference between a country's exports and imports.
What is the concept of trade surplus?,The difference between a country's exports and imports.,The difference between a country's imports and exports.,The difference between a country's GDP and its trade balance.,The difference between a country's trade balance and its GDP.,,A trade surplus is the difference between a country's imports and exports.
What is the concept of exchange rate?,The price of one country's currency in terms of another country's currency.,The price of one good or service in terms of another good or service.,The price of one country's goods and services in terms of another country's goods and services.,The price of one country's currency in terms of its own goods and services.,,An exchange rate is the price of one country's currency in terms of another country's currency.
What is the concept of foreign exchange market?,A market where currencies are traded.,A market where goods and services are traded.,A market where financial instruments are traded.,A market where commodities are traded.,,The foreign exchange market is a market where currencies are traded.
What is the concept of international monetary system?,A system of exchange rates that is determined by the market.,A system of exchange rates that is determined by governments.,A system of exchange rates that is determined by a combination of market and government forces.,A system of exchange rates that is determined by a single entity.,,The international monetary system is a system of exchange rates that is determined by a combination of market and government forces.
What is the concept of balance of payments?,A record of a country's international transactions.,A record of a country's domestic transactions.,A record of a country's government transactions.,A record of a country's business transactions.,,The balance of payments is a record of a country's international transactions.
What is the concept of current account?,A record of a country's international transactions in goods and services.,A record of a country's international transactions in financial assets and liabilities.,A record of a country's international transactions in both goods and services and financial assets and liabilities.,A record of a country's international transactions in neither goods nor services.,,The current account is a record of a country's international transactions in goods and services.
What is the concept of international business?,The exchange of goods and services between countries.,The exchange of ideas and culture between countries.,The exchange of money and finance between countries.,The exchange of people and migration between countries.,,International business is the exchange of goods and services between countries.
What is the concept of multinational corporation?,A company that operates in multiple countries.,A company that operates in a single country.,A company that operates in a specific industry.,A company that operates in a specific region.,,A multinational corporation is a company that operates in multiple countries.
What is the concept of international marketing?,The process of promoting and selling products or services to customers in multiple countries.,The process of promoting and selling products or services to customers in a single country.,The process of promoting and selling products or services to customers in a specific industry.,The process of promoting and selling products or services to customers in a specific region.,,International marketing is the process of promoting and selling products or services to customers in multiple countries.
What is the concept of international finance?,The process of raising and managing funds for a company's operations in multiple countries.,The process of raising and managing funds for a company's operations in a single country.,The process of raising and managing funds for a company's operations in a specific industry.,The process of raising and managing funds for a company's operations in a specific region.,,International finance is the process of raising and managing funds for a company's operations in multiple countries.
What is the concept of international trade agreement?,An agreement between two or more countries to reduce or eliminate tariffs and other trade barriers.,An agreement between two or more countries to increase tariffs and other trade barriers.,An agreement between two or more countries to regulate trade in a specific industry.,An agreement between two or more countries to promote trade in a specific region.,,An international trade agreement is an agreement between two or more countries to reduce or eliminate tariffs and other trade barriers.
What is the concept of international relations?,The study of the relationships between countries.,The study of the relationships between individuals.,The study of the relationships between organizations.,The study of the relationships between governments.,,International relations is the study of the relationships between countries.
What is the concept of diplomacy?,The art of negotiation and communication between countries.,The art of war and conflict between countries.,The art of economics and trade between countries.,The art of culture and education between countries.,,Diplomacy is the art of negotiation and communication between countries.
What is the concept of international law?,A set of rules and regulations that govern the behavior of countries.,A set of rules and regulations that govern the behavior of individuals.,A set of rules and regulations that govern the behavior of organizations.,A set of rules and regulations that govern the behavior of governments.,,International law is a set of rules and regulations that govern the behavior of countries.
What is the concept of international organization?,A group of countries that work together to achieve a common goal.,A group of individuals that work together to achieve a common goal.,A group of organizations that work together to achieve a common goal.,A group of governments that work together to achieve a common goal.,,An international organization is a group of countries that work together to achieve a common goal.
What is the concept of international cooperation?,The act of working together with other countries to achieve a common goal.,The act of working alone to achieve a common goal.,The act of competing with other countries to achieve a common goal.,The act of ignoring other countries to achieve a common goal.,,International cooperation is the act of working together with other countries to achieve a common goal.
What is the concept of global warming?,The increase in the average temperature of the Earth's surface.,The decrease in the average temperature of the Earth's surface.,The stability of the Earth's temperature.,The fluctuation in the Earth's temperature.,,Global warming is the increase in the average temperature of the Earth's surface.
What is the concept of climate change?,The change in the Earth's climate over time.,The stability of the Earth's climate.,The fluctuation in the Earth's climate.,The decrease in the Earth's climate.,,Climate change is the change in the Earth's climate over time.
What is the concept of sustainable development?,The development of resources in a way that meets the needs of the present without compromising the ability of future generations to meet their own needs.,The development of resources in a way that meets the needs of the present without considering the needs of future generations.,The development of resources in a way that only meets the needs of the present.,The development of resources in a way that only meets the needs of future generations.,,Sustainable development is the development of resources in a way that meets the needs of the present without compromising the ability of future generations to meet their own needs.
What is the concept of poverty reduction?,The reduction of poverty through economic development.,The reduction of poverty through social development.,The reduction of poverty through environmental development.,The reduction of poverty through political development.,,Poverty reduction is the reduction of poverty through economic development.
What is the concept of human rights?,The rights of individuals to be treated with dignity and respect.,The rights of individuals to be treated unfairly and disrespectfully.,The rights of individuals to be treated equally and fairly.,The rights of individuals to be treated unequally and unfairly.,,
What is the concept of global warming?,The increase in the average temperature of the Earth's surface.,The decrease in the average temperature of the Earth's surface.,The stability of the Earth's temperature.,The fluctuation in the Earth's temperature.,,Global warming is the increase in the average temperature of the Earth's surface.
What is the concept of climate change?,The change in the Earth's climate over time.,The stability of the Earth's climate.,The fluctuation in the Earth's climate.,The decrease in the Earth's climate.,,Climate change is the change in the Earth's climate over time.
What is the concept of sustainable development?,The development of resources in a way that meets the needs of the present without compromising the ability of future generations to meet their own needs.,The development of resources in a way that meets the needs of the present without considering the needs of future generations.,The development of resources in a way that only meets the needs of the present.,The development of resources in a way that only meets the needs of future generations.,,Sustainable development is the development of resources in a way that meets the needs of the present without compromising the ability of future generations to meet their own needs.
What is the concept of poverty reduction?,The reduction of poverty through economic development.,The reduction of poverty through social development.,The reduction of poverty through environmental development.,The reduction of poverty through political development.,,Poverty reduction is the reduction of poverty through economic development.
What is the concept of human rights?,The rights of individuals to be treated with dignity and respect.,The rights of individuals to be treated unfairly and disrespectfully.,The rights of individuals to be treated equally and fairly.,The rights of individuals to be treated unequally and unfairly.,,
